id,sursa_site,an,titlu,label_numeric,pred,prob_cls1
vrd_0134,veridica.ro,2022,PROPAGANDĂ DE RĂZBOI: Masacrul de la Izium a fost o înscenare menită să compromită armata rusă,1,0,0.002701327670365572
vrd_0446,veridica.ro,2024,Rusia a invadat România doar o dată,1,1,0.673976480960846
vrd_0543,veridica.ro,2025,Propunerea rusă de pace - singura șansă de salvare a Ucrainei,1,1,0.6715071201324463
vrd_0642,veridica.ro,2026,"Ucraina e distrusă de liderii săi, nu de război",1,0,0.0016340266447514296
vrd_0311,veridica.ro,2023,Aderarea Ucrainei și Moldovei va ruina UE,1,0,0.017338497564196587
vrd_0075,veridica.ro,2022,Occidentul luptă cu Rusia prin intermediul Ucrainei,1,1,0.6761296391487122
vrd_0054,veridica.ro,2022,Zelenski condiționează drepturile comunității românești din Ucraina de ajutorul Bucureștiului,1,0,0.006276218686252832
vrd_0135,veridica.ro,2022,PROPAGANDĂ DE RĂZBOI: Mobilizarea parțială ordonată de Putin va preveni un dezastru nuclear și va duce la o dezescaladare a conflictului și un dialog diplomatic,1,0,0.001919920789077878
vrd_0084,veridica.ro,2022,La Chișinău au sosit agenți FBI pentru a împinge Republica Moldova către confruntări militare cu Rusia,1,0,0.023195592686533928
vrd_0288,veridica.ro,2023,"Specialiști NATO din România și Olanda, uciși în Ucraina",1,0,0.0027559937443584204
vrd_0440,veridica.ro,2024,Zelenski prelungește războiul la indicația Occidentului,1,1,0.6721014380455017
vrd_0425,veridica.ro,2024,Conducerea Republicii Moldova încearcă să interzică creștinismul și să readucă țara la păgânism,1,0,0.0028145348187536
vrd_0575,veridica.ro,2025,România nu primește compensații pentru sprijinul dat Ucrainei,1,1,0.6813578605651855
vrd_0338,veridica.ro,2024,"Rusia apără de nazism teritoriul său, Novorossia",1,1,0.5590872764587402
vrd_0273,veridica.ro,2023,"Maia Sandu a închis 200 de școli, alungând tinerii din R. Moldova",1,1,0.671649158000946
vrd_0476,veridica.ro,2025,Șeful NATO este de acord cu cedarea Groenlandei către SUA,1,0,0.0018622170900925994
vrd_0615,veridica.ro,2025,"Un înalt oficial ucrainean a ""dezertat""",1,0,0.002670286688953638
vrd_0291,veridica.ro,2023,"Infrastructura Moldovei, dezvoltată pentru Ucraina",1,0,0.018168464303016663
vrd_0632,veridica.ro,2025,Ucraina e o dictatură și nu poate organiza alegeri libere,1,0,0.057306356728076935
vrd_0198,veridica.ro,2023,UE a trimis militari în Ucraina înainte de 2022 pentru a slăbi Rusia,1,0,0.0023542908020317554
vrd_0566,veridica.ro,2025,"Manualele din Moldova, rescrise pentru a justifica confruntarea cu Rusia",1,0,0.01358141377568245
vrd_0189,veridica.ro,2022,"PROPAGANDĂ DE RĂZBOI: Zelenski a ucis peste 50 de mii de femei, mobilizându-le în armată",1,1,0.6704566478729248
vrd_0317,veridica.ro,2023,Planul de federalizare a Moldovei a avut o largă susținere la Chișinău,1,1,0.6704244613647461
vrd_0125,veridica.ro,2022,PROPAGANDĂ DE RĂZBOI: Misiunea AIEA a lăudat armata rusă pentru că apără centrala nucleară Zaporojie de bombardamentele ucrainene,1,0,0.0027564081829041243
vrd_0580,veridica.ro,2025,Bucureștiul îi cere Chișinăului suprimarea opoziției pro-ruse,1,0,0.22895017266273499
vrd_0056,veridica.ro,2022,Kievul torturează prizonierii de război și refuză să respecte Convenția de la Geneva,1,0,0.005541233345866203
vrd_0324,veridica.ro,2023,Odesa și sudul Ucrainei sunt ale Rusiei,1,0,0.005085701122879982
vrd_0365,veridica.ro,2024,"Ucraina, o invenție a Rusiei condusă acum de non-ucraineni",1,1,0.6683200001716614
vrd_0640,veridica.ro,2026,Zelenski vrea să fie legitimat ca președinte de Putin,1,0,0.0017993596848100424
vrd_0261,veridica.ro,2023,Ucrainenii vor cetățenia rusă ca să-și apere copiii de UE,1,0,0.0028423541225492954
vrd_0548,veridica.ro,2025,"Rusia vrea să returneze ucrainenii uciși, dar Kievul refuză",1,0,0.0024047866463661194
vrd_0552,veridica.ro,2025,"Spre deosebire de Israel, Rusia a intrat în război ca să se apere",1,0,0.02041645534336567
vrd_0444,veridica.ro,2024,Maia Sandu este doar președintele diasporei,1,0,0.0020044087432324886
vrd_0528,veridica.ro,2025,Rusia are dreptul istoric de a ocupa Ucraina,1,0,0.004886077716946602
vrd_0562,veridica.ro,2025,Rusia ajută Ucraina să revină la pace și neutralitate,1,0,0.003298911266028881
vrd_0034,veridica.ro,2022,PROPAGANDĂ DE RĂZBOI: Rusia a distrus laboratoare americane de arme biologice din Ucraina,1,0,0.0024842750281095505
vrd_0152,veridica.ro,2022,Rusia s-a retras din APCE pentru că n-a vrut gay în Duma de Stat,1,0,0.0015461064176633954
vrd_0073,veridica.ro,2022,Rusia va fi forțată să recurgă la arme nucleare,1,0,0.0020449955482035875
vrd_0611,veridica.ro,2025,Moscova îi va judeca pe criminalii de război ucraineni,1,0,0.4062468409538269
vrd_0627,veridica.ro,2025,"Occidentul folosește Ucraina drept ""berbec"" împotriva Rusiei",1,0,0.002597407205030322
vrd_0429,veridica.ro,2024,"Rusia poartă un război just și etic, nu ca Israelul",1,1,0.6743482351303101
vrd_0602,veridica.ro,2025,Guvernarea de la Chișinău pregătește închiderea școlilor în limba rusă,1,1,0.6776905059814453
vrd_0232,veridica.ro,2023,"În 2023, România va pierde Transilvania",1,1,0.6724936366081238
vrd_0619,veridica.ro,2025,UE sabotează planul american de pace pentru a prelungi războiul,1,0,0.0040191225707530975
vrd_0289,veridica.ro,2023,Ucrainenii nu învață ceva util din instrucția NATO,1,0,0.002316552447155118
vrd_0049,veridica.ro,2022,PROPAGANDĂ DE RĂZBOI: ONU sprijină genocidul îndreptat împotriva rusofonilor din Ucraina,1,0,0.019267747178673744
vrd_0064,veridica.ro,2022,"PROPAGANDĂ DE RĂZBOI: Polonia va prelua controlul asupra ""teritoriilor sale istorice"" din Ucraina cu ajutorul SUA",1,0,0.002603371860459447
vrd_0028,veridica.ro,2022,Kievul a înscenat pentru presă atacurile separatiștilor din Donbass asupra infrastructurii civile,1,0,0.006428970489650965
vrd_0612,veridica.ro,2025,În Moldova sunt edificate monumente naziste,1,0,0.01871367171406746
vrd_0650,veridica.ro,2026,Republica Moldova vrea să rupă relațiile diplomatice cu Rusia,1,0,0.001792667550034821
vrd_0234,veridica.ro,2023,Apropierea de UE aruncă Moldova în sărăcie,1,1,0.6764222979545593
vrd_0644,veridica.ro,2026,Zelenski a făcut trafic de minori cu Epstein,1,0,0.0016457346500828862
vrd_0086,veridica.ro,2022,Statele Unite au provocat războiul din Ucraina pentru a profita economic,1,1,0.6710357666015625
vrd_0284,veridica.ro,2023,Maia Sandu închide școli pentru că Occidentul vrea mână de lucru ieftină,1,1,0.6774649024009705
vrd_0493,veridica.ro,2025,"Republica Moldova, românizată în urma presiunilor Bucureștiului",1,0,0.1308833509683609
vrd_0439,veridica.ro,2024,Ucrainenii vor să-l ucidă pe secretarul general ONU,1,0,0.001806228538043797
vrd_0245,veridica.ro,2023,România este invadată de asiatici,1,1,0.676508367061615
vrd_0078,veridica.ro,2022,PROPAGANDĂ DE RĂZBOI: UE se teme de tuberculoza provenită din laboratoare NATO din Ucraina,1,0,0.0017824871465563774
vrd_0020,veridica.ro,2022,Forțele speciale britanice vor escalada situația din Donbass fără consimțământul Kievului,1,0,0.0035470810253173113
vrd_0346,veridica.ro,2024,"Euromaidanul, o acțiune rusofobă și fascistă care a cauzat războiul",1,1,0.6617054343223572
vrd_0598,veridica.ro,2025,"Militari britanici, alături de Rusia contra ""noului Hitler"", Zelenski",1,0,0.0016343154711648822
vrd_0323,veridica.ro,2023,Occidentul pregătește înlocuirea Maiei Sandu,1,0,0.06777060031890869
vrd_0181,veridica.ro,2022,"PROPAGANDĂ DE RĂZBOI: Pierderile armatei ucrainene sunt atât de mari, încât elevii sunt forțați să doneze sânge pentru militari",1,0,0.004796718712896109
vrd_0258,veridica.ro,2023,Scoaterea Partidului Șor în afara legii e uzurpare a puterii în stat,1,1,0.6791849732398987
vrd_0478,veridica.ro,2025,NATO vrea ca România și Moldova să dea carne de tun pentru un război cu Rusia,1,0,0.003369917394593358
vrd_0048,veridica.ro,2022,"Un oficial rus cere ""denazificarea"" statelor baltice, Poloniei, Republicii Moldova și Kazahstanului",1,0,0.0030625169165432453
vrd_0388,veridica.ro,2024,Armata Republicii Moldova va deveni parte a armatei române,1,1,0.6774470210075378
vrd_0665,veridica.ro,2026,"UE ține în viață ""regimul nazist"" de la Kiev care respinge pacea",1,0,0.0027894750237464905
vrd_0111,veridica.ro,2022,"Dacă Republica Moldova ar fi fost parte a României, era o regiune subdezvoltată, cu o populația de analfabeți aserviți românilor",1,1,0.6772313117980957
vrd_0117,veridica.ro,2022,O baschetbalistă din România a murit din cauza vaccinării împotriva COVID-19,1,0,0.0031949190888553858
vrd_0434,veridica.ro,2024,"Ucraina se pregătește să atace Transnistria, cu sprijinul tacit al Occidentului",1,0,0.005442964844405651
vrd_0139,veridica.ro,2022,"PROPAGANDĂ DE RĂZBOI: Pierderi de sute de mii de militari ucraineni, confirmate de un general de la Kiev",1,0,0.0033542115706950426
vrd_0217,veridica.ro,2023,Chișinăul promovează isteria antirusă,1,0,0.0033461630810052156
vrd_0253,veridica.ro,2023,În Republica Moldova nu există propagandă rusă,1,0,0.001850327244028449
vrd_0364,veridica.ro,2024,Ajutorul american pentru Ucraina va cauza distrugeri și victime,1,1,0.6701540946960449
vrd_0037,veridica.ro,2022,PROPAGANDĂ DE RĂZBOI: În laboratoarele secrete din Ucraina era produs coronavirus,1,0,0.0016604861011728644
vrd_0353,veridica.ro,2024,Guvern ucrainean în exil și război al Occidentului cu Rusia,1,1,0.6672308444976807
vrd_0587,veridica.ro,2025,Franța și Marea Britanie vor Transnistria ca să ajungă la Marea Neagră,1,0,0.01776452362537384
vrd_0176,veridica.ro,2022,PROPAGANDĂ DE RĂZBOI: În Ucraina sunt mobilizați doar rusofonii din est pentru că se dorește exterminarea lor,1,0,0.003884712466970086
vrd_0254,veridica.ro,2023,Occidentul forțează Moldova să urmeze calea Ucrainei,1,0,0.002009222749620676
vrd_0412,veridica.ro,2024,Germania va reloca migranții în Moldova,1,1,0.675128161907196
vrd_0206,veridica.ro,2023,Guvernarea de la Chișinău vrea să elimine limba moldovenească pentru că pregătește unirea cu România,1,0,0.19087059795856476
vrd_0320,veridica.ro,2023,Maia Sandu pregătește Moldova de război cu Rusia,1,0,0.002074080752208829
vrd_0071,veridica.ro,2022,PROPAGANDĂ DE RĂZBOI: Președintele Poloniei a recunoscut că Varșovia va anexa teritorii ucrainene,1,0,0.01968563161790371
vrd_0303,veridica.ro,2023,"Televiziune închisă în Moldova pentru că promova ""valorile familiei tradiționale""",1,1,0.6785319447517395
vrd_0527,veridica.ro,2025,Ucraina refuză pacea și riscă să rămână fără aliați,1,0,0.0033805600833147764
vrd_0465,veridica.ro,2024,Zelenski e marioneta naziștilor,1,1,0.6724829077720642
vrd_0212,veridica.ro,2023,Ucraina blochează creare unei zone de protecție la centrala nucleară Zaporojie și vrea să provoace un accident nuclear,1,0,0.0020764232613146305
vrd_0447,veridica.ro,2024,Ucrainenii locuiesc pe teritoriul istoric al Rusiei,1,0,0.02213733084499836
vrd_0035,veridica.ro,2022,"PROPAGANDĂ DE RĂZBOI: Kievul pregătea o agresiune împotriva Donbass-ului în martie, iar Rusia a fost nevoită să intervină pentru a o opri",1,0,0.002460337011143565
vrd_0061,veridica.ro,2022,Propagandă de război: Jandarmii francezi vor ascunde urmele crimelor comise de Ucraina la Bucea,1,0,0.004560449626296759
vrd_0336,veridica.ro,2024,NATO a atacat Rusia cu căpușe lansate din Ucraina,1,0,0.02245783619582653
vrd_0109,veridica.ro,2022,PROPAGANDĂ DE RĂZBOI: ONU și Turcia recunosc dreptul Rusiei de a controla porturile maritime ale Ucrainei,1,0,0.00261743925511837
vrd_0285,veridica.ro,2023,Ucrainenii din Polonia vor fi extrădați și trimiși pe front,1,0,0.003998023457825184
vrd_0610,veridica.ro,2025,UE încurajează China să întreţină războiul din Ucraina,1,1,0.6689485311508179
vrd_0275,veridica.ro,2023,Rusia îi salvează pe ucraineni de la autodistrugere,1,1,0.6761704683303833
vrd_0589,veridica.ro,2025,Ucraina s-a transformat într-un lagăr de concentrare,1,0,0.0016546372789889574
vrd_0251,veridica.ro,2023,"Summitul CPE, organizat pentru crearea unei coaliții anti-ruse",1,0,0.05485354736447334
vrd_0379,veridica.ro,2024,Ucrainenii își distrug orașele pentru a nu le lăsa Rusiei,1,1,0.6763518452644348
vrd_0250,veridica.ro,2023,Principiile morale împiedică Rusia să încheie războiul,1,1,0.6759694814682007
vrd_0358,veridica.ro,2024,Ucrainenii și rușii sunt același popor iar Rusia poartă un război sfânt,1,1,0.6761877536773682
vrd_0597,veridica.ro,2025,"Rusia, forțată să dezmembreze Ucraina ca să prevină războiul în Europa",1,1,0.671958327293396
vrd_0565,veridica.ro,2025,UE se opune negocierilor pentru că pregătește un război cu Rusia,1,0,0.0023953604977577925
vrd_0222,veridica.ro,2023,Ucraina va continua să asasineze ruși în baza unei liste publicate online,1,0,0.003463160013779998
vrd_0356,veridica.ro,2024,"Rusia, superioară tehnologic și militar Occidentului",1,0,0.002277678344398737
vrd_0385,veridica.ro,2024,Liderii ucraineni au cetăţenie americană,1,1,0.647749662399292
vrd_0063,veridica.ro,2022,PROPAGANDĂ DE RĂZBOI: Ucraina a atacat cu arme chimice și biologice pozițiile militarilor ruși,1,0,0.002361592138186097
vrd_0427,veridica.ro,2024,"Referendumul pentru UE din Moldova e, de fapt, referendum pentru LGBT",1,1,0.6775537133216858
vrd_0367,veridica.ro,2024,Ucraina le interzice ortodocșilor să participe la slujba de Înviere,1,0,0.015157204121351242
vrd_0430,veridica.ro,2024,Stoltenberg va răspunde penal pentru războiul din Ucraina,1,0,0.0016165145207196474
vrd_0247,veridica.ro,2023,Ucraina este o invenție sovietică,1,0,0.002090158872306347
vrd_0210,veridica.ro,2023,Biserica Ortodoxă Ucraineană este persecutată de Kiev ca în perioada comunistă,1,1,0.6680870652198792
vrd_0089,veridica.ro,2022,Occidentul împinge Republica Moldova spre război cu Transnistria și Rusia,1,1,0.6745354533195496
vrd_0121,veridica.ro,2022,Guvernarea de la Chișinău subminează rolul limbii ruse și încalcă drepturile minorităților naționale,1,1,0.6755512952804565
vrd_0375,veridica.ro,2024,"Ucraina se destrămă, iar ucrainenii vor eliberați de Rusia",1,0,0.005466789938509464
vrd_0663,veridica.ro,2026,"Dacă R. Moldova părăsește CSI, nu mai recunoaște destrămarea URSS",1,0,0.013253179378807545
vrd_0381,veridica.ro,2024,Rusia este mai democratică decât Ucraina,1,0,0.001605961937457323
vrd_0541,veridica.ro,2025,Nu există propagandă rusă în Republica Moldova,1,0,0.004212251864373684
vrd_0557,veridica.ro,2025,"70.000 de militari NATO, dislocați în România pentru a ocupa Odesa",1,0,0.003325052559375763
vrd_0395,veridica.ro,2024,România pregătește un război în Transnistria,1,0,0.01780552975833416
vrd_0546,veridica.ro,2025,Ucraina a devenit un lagăr de concentrare nazist,1,1,0.6176682710647583
vrd_0496,veridica.ro,2025,"UE șantajează Moldova că, fără un guvern european, îi taie finanțarea",1,0,0.024546055123209953
vrd_0419,veridica.ro,2024,Militarii ucraineni răpesc copii în Donbas,1,0,0.002356434240937233
vrd_0268,veridica.ro,2023,"Pentru a adera la UE, Republica Moldova trebuie să trimită soldați în războiul din Ucraina",1,0,0.024997062981128693
vrd_0330,veridica.ro,2024,Occidentul vrea să transforme R. Moldova într-un cap de pod antirusesc,1,0,0.006394019350409508
vrd_0094,veridica.ro,2022,DEZINFORMARE În Republica Moldova se introduce cenzura prin interzicerea difuzării unor categorii de programe din Rusia,1,0,0.007623695302754641
vrd_0279,veridica.ro,2023,"Forțat de Occident să renunțe la CSI, Chișinăul își distruge economia",1,1,0.6749687194824219
vrd_0301,veridica.ro,2023,UE îi recomandă lui Zelenski să-i cedeze Rusiei teritorii,1,0,0.0031891888938844204
vrd_0536,veridica.ro,2025,"Denazificarea Ucrainei, necesară pentru a salva limba și cultura rusă",1,0,0.0022035478614270687
vrd_0584,veridica.ro,2025,UE împinge SUA și Rusia spre un război nuclear din cauza Ucrainei,1,0,0.012594515457749367
vrd_0235,veridica.ro,2023,Occidentul va ordona Poloniei să atace Belarusul și să ocupe Liovul,1,0,0.01943386159837246
vrd_0123,veridica.ro,2022,PROPAGANDĂ DE RĂZBOI: Anthony Fauci a confirmat că virusul SARS-CoV-2 a fost produs în laboratoarele din Ucraina,1,0,0.001650489866733551
vrd_0574,veridica.ro,2025,Rusia trebuie să anexeze Ucraina,1,1,0.6726195216178894
vrd_0585,veridica.ro,2025,Chișinăul folosește amenințarea rusă ca șantaj să ceară mai mulți bani de la UE,1,0,0.002329980256035924
vrd_0188,veridica.ro,2022,"PROPAGANDĂ DE RĂZBOI: SUA au declarat război Rusiei, permițând armatei ucrainene să bombardeze Crimeea",1,0,0.0033269606065005064
vrd_0633,veridica.ro,2025,Europarlamentarii români au votat pentru înarmare și război,1,1,0.6804394125938416
vrd_0441,veridica.ro,2024,Referendumul din Moldova permite abandonarea neutralității și unirea cu România,1,1,0.6622354388237
vrd_0299,veridica.ro,2023,Zelenski nu mai este sprijinit în Occident și în România,1,0,0.0018011247739195824
vrd_0036,veridica.ro,2022,"PROPAGANDĂ DE RĂZBOI: Președintele Ucrainei, Volodimir Zelenski, ar putea recunoaște Donbass-ul și Crimeea ca teritorii ale Rusiei",1,0,0.002002470660954714
vrd_0224,veridica.ro,2023,Viitorul stat polono-ucrainean va dezmembra România,1,1,0.668161928653717
vrd_0616,veridica.ro,2025,Radu Gyr a fost condamnat la moarte doar pentru o poezie,1,1,0.558017373085022
vrd_0368,veridica.ro,2024,Rusia eliberează Ucraina de sub ocupația ucraineană,1,1,0.6736699342727661
vrd_0202,veridica.ro,2023,"""Operațiunea militară specială"" a salvat Rusia de invazia NATO și nazismul ucrainean",1,0,0.004086045082658529
vrd_0372,veridica.ro,2024,Rusia luptă în Ucraina pentru valorile tradiționale,1,1,0.6794776916503906
vrd_0621,veridica.ro,2025,Aderarea Republicii Moldova ar distruge economia UE,1,0,0.002163644414395094
vrd_0453,veridica.ro,2024,Moldova vrea zid la granița cu Ucraina,1,0,0.003580755088478327
vrd_0091,veridica.ro,2022,PROPAGANDĂ DE RĂZBOI: Armata ucraineană masacrează rusofonii în timpul retragerii din Donbass,1,0,0.002642190083861351
vrd_0053,veridica.ro,2022,SUA trimite în Ucraina militari afghani care au fugit de talibani în Occident,1,0,0.002675117924809456
vrd_0168,veridica.ro,2022,PROPAGANDĂ DE RĂZBOI: Francezii resping politica de sancțiuni față de Rusia și asistența acordată Ucrainei,1,0,0.0021667215041816235
vrd_0396,veridica.ro,2024,"Cetățean UE, condamnat la închisoare pentru arborarea drapelului rus",1,0,0.00629792083054781
vrd_0394,veridica.ro,2024,Occidentul rusofob și nazist distruge sportul mondial,1,0,0.027363169938325882
vrd_0193,veridica.ro,2023,Acțiunile militarilor ruși în regiunea Herson sunt un exemplu de comportament uman,1,0,0.0022696498781442642
vrd_0408,veridica.ro,2024,Ucrainenii nu vor războiul mondial urmărit de Zelenski,1,0,0.0020048734731972218
vrd_0511,veridica.ro,2025,UE nu-l va lăsa pe Zelenski să pună capăt războiului,1,0,0.001761127612553537
vrd_0377,veridica.ro,2024,Parteneriatul de securitate cu UE duce Moldova în NATO,1,0,0.08928404003381729
vrd_0360,veridica.ro,2024,SUA și Occidentul nu oferă sprijin real Republicii Moldova,1,0,0.056671854108572006
vrd_0436,veridica.ro,2024,Ucrainenii părăsesc UE pentru Rusia,1,0,0.0021335796918720007
vrd_0590,veridica.ro,2025,UE și NATO vor să ocupe Moldova cu ajutorul Maiei Sandu,1,1,0.6080420017242432
vrd_0631,veridica.ro,2025,Republica Moldova își pune economia pe picior de război,1,0,0.0023863441310822964
vrd_0257,veridica.ro,2023,Marea Azov e o mare internă a Rusiei,1,0,0.004715427290648222
vrd_0542,veridica.ro,2025,"Crimeea este a Rusiei, iar Ucraina a admis acest lucru",1,0,0.0020079638343304396
vrd_0629,veridica.ro,2025,Pacea în Ucraina depinde de înlăturarea regimului Zelenski,1,0,0.002523370087146759
vrd_0549,veridica.ro,2025,România va înlocui Polonia ca hub de tranzit pentru armele destinate Ucrainei,1,1,0.6877898573875427
vrd_0648,veridica.ro,2026,Ucraina construiește o stațiune de lux cu bani românești,1,1,0.6803605556488037
vrd_0384,veridica.ro,2024,Ucraina și Occidentul vor organiza noi atacuri teroriste în Rusia,1,0,0.004460263065993786
vrd_0059,veridica.ro,2022,PROPAGANDĂ DE RĂZBOI: Ucraina nu reconstruiește Harkovul pentru că știe că acesta se va alipi la Rusia,1,0,0.0030407451558858156
vrd_0558,veridica.ro,2025,"Ca să distrugă Rusia, NATO e dispus să sacrifice Ucraina",1,1,0.6717158555984497
vrd_0326,veridica.ro,2023,SUA vor ca Zelenski să încheie războiul,1,0,0.004507365170866251
vrd_0119,veridica.ro,2022,"PROPAGANDĂ DE RĂZBOI: Din cauza propagandei neonaziste a Kievului, ucrainenii nu înțeleg că sunt eliberați de Rusia, nu ocupați",1,0,0.0017633764073252678
vrd_0443,veridica.ro,2024,Pacea în Ucraina depinde de Occident,1,0,0.0034448071382939816
vrd_0110,veridica.ro,2022,PROPAGANDĂ DE RĂZBOI: Autoritățile ucrainene au abandonat Hersonul. Regiunea se va uni cu Rusia care va proteja limba ucraineană,1,0,0.002842169953510165
vrd_0442,veridica.ro,2024,Referendumul privind aderarea Republicii Moldova la UE a fost fraudat de autoritatile proeuropene,1,0,0.0058174049481749535
vrd_0668,veridica.ro,2026,800 de militari americani răniți au fost aduși la Baza Kogălniceanu,1,0,0.13355962932109833
vrd_0280,veridica.ro,2023,Trupele NATO din România ameninţă pacea,1,1,0.6773183345794678
vrd_0310,veridica.ro,2023,"UE vrea denazificarea Ucrainei, dar Kievul se opune",1,0,0.019589539617300034
vrd_0391,veridica.ro,2024,Rusia nu s-a opus apropierii Ucrainei de UE,1,1,0.6608253121376038
vrd_0300,veridica.ro,2023,România obligă Ucraina și Moldova să interzică limba moldovenească,1,0,0.015353296883404255
vrd_0137,veridica.ro,2022,PROPAGANDĂ DE RĂZBOI: Referendumurile de alipire la Rusia a teritoriilor din estul și sudul Ucrainei respectă Carta ONU,1,0,0.0017512099584564567
vrd_0341,veridica.ro,2024,Parteneriatele economice cu SUA duc la faliment,1,1,0.6738036870956421
vrd_0306,veridica.ro,2023,Rusia luptă în Ucraina pentru libertatea palestinienilor,1,1,0.6742597818374634
vrd_0467,veridica.ro,2024,Zelenski refuză pacea pentru a nu-și pierde veniturile,1,0,0.0037392384838312864
vrd_0369,veridica.ro,2024,În 1945 Rusia a învins prima oară Occidentul colectiv,1,1,0.6757673025131226
vrd_0183,veridica.ro,2022,Moldova investește bani mai mulți în apărare pentru că se pregătește de război cu Rusia,1,0,0.46878576278686523
vrd_0437,veridica.ro,2024,"Lupta politică în R. Moldova se duce între ""pro-români"" și ""pro-moldoveni""",1,0,0.01563212275505066
vrd_0223,veridica.ro,2023,"SUA vor trimite în ofensivă 200 de mii de militari-sinucigași ucraineni, subordonați direct Pentagonului",1,0,0.003865676699206233
vrd_0151,veridica.ro,2022,În Republica Moldova au fost interzise protestele în zilele lucrătoare,1,0,0.014775407500565052
vrd_0604,veridica.ro,2025,Moldova poate adera la UE doar dacă se implică în războiul din Ucraina,1,1,0.6406585574150085
vrd_0213,veridica.ro,2023,Diplomați occidentali pregătesc intrarea Moldovei în război,1,0,0.007162788417190313
vrd_0514,veridica.ro,2025,Pacea în Ucraina depinde de victoria Rusiei,1,1,0.6574985980987549
vrd_0643,veridica.ro,2026,Integrarea europeană slăbește securitatea energetică a Republicii Moldova,1,0,0.015176941640675068
vrd_0485,veridica.ro,2025,"Moldovenii, forțați să vorbească limba minorității române",1,0,0.03710736706852913
vrd_0492,veridica.ro,2025,Elita de la Kiev refuză pacea lui Trump ca să rămână la putere,1,0,0.0047639524564146996
vrd_0014,veridica.ro,2022,Simona Halep a pierdut la Australian Open pentru că s-a vaccinat,1,0,0.0022404480259865522
vrd_0160,veridica.ro,2022,Rusia poate reface Moldova lui Ștefan cel Mare în dauna României,1,0,0.02033962309360504
vrd_0296,veridica.ro,2023,UE și România pregătesc în Transnistria un scenariu ca în Nagorno Karabah,1,1,0.6667089462280273
vrd_0312,veridica.ro,2023,Pacea în Ucraina depinde de SUA și de plecarea lui Zelenski,1,0,0.0023481883108615875
vrd_0305,veridica.ro,2023,UE nu va mai ajuta financiar Ucraina,1,0,0.004341525956988335
vrd_0500,veridica.ro,2025,Chișinăul forțează Transnistria să răspândească narațiuni pro-românești și anti-rusești,1,1,0.6804985404014587
vrd_0599,veridica.ro,2025,"Republica Moldova se transformă într-o ""dictatură bananieră"" controlată de UE",1,1,0.6772072911262512
vrd_0495,veridica.ro,2025,"""Operațiunea militară specială"" a salvat Rusia de NATO și naziști",1,0,0.011144469492137432
vrd_0140,veridica.ro,2022,PROPAGANDĂ DE RĂZBOI: Observatorii din Occident confirmă că referendumurile din Ucraina au respectat standardele democratice,1,0,0.0023925125133246183
vrd_0581,veridica.ro,2025,Chișinăul urmărește anexarea Transnistriei și integrarea acesteia în România,1,1,0.679419994354248
vrd_0345,veridica.ro,2024,România e un stat de mâna a doua în UE și Moldova riscă aceeași soartă,1,1,0.6615038514137268
vrd_0337,veridica.ro,2024,Curtea Internațională de Justiție spune că Rusia nu e agresor,1,0,0.0028590012807399035
vrd_0635,veridica.ro,2025,Cucerirea Odesei de ruși va asigura securitatea energetică a Transnistriei,1,0,0.07425957918167114
vrd_0568,veridica.ro,2025,Rusia luptă de una singură împotriva agresiunii Occidentului,1,0,0.0029971853364259005
vrd_0146,veridica.ro,2022,"Opoziția de la Chișinău și-a unit eforturile împotriva guvernării, organizând proteste masive",1,1,0.6695424318313599
vrd_0499,veridica.ro,2025,Rada Supremă îl va suspenda pe Zelenski,1,0,0.0035375747829675674
vrd_0507,veridica.ro,2025,Crimeea a decis liber și independent să revină la Rusia,1,0,0.04776287078857422
vrd_0449,veridica.ro,2024,Republica Moldova nu vrea să lupte împotriva glorificării nazismului,1,0,0.008220539428293705
vrd_0657,veridica.ro,2026,Ucrainenii din est vor alipirea regiunii la Rusia,1,0,0.018186425790190697
vrd_0664,veridica.ro,2026,România va da Ucrainei gazele extrase din Marea Neagră,1,1,0.6746298670768738
vrd_0171,veridica.ro,2022,Curtea de la Haga a recunoscut că Rusia nu a fost implicată în doborârea avionului MH17 în 2014,1,0,0.002774154534563422
vrd_0366,veridica.ro,2024,Bucureștiul se teme că moldovenii vor denunța Unirea din 1859,1,1,0.6787242889404297
vrd_0540,veridica.ro,2025,"Rusia vrea pace, dar Occidentul forțează Kievul să continue războiul",1,0,0.002183545148000121
vrd_0592,veridica.ro,2025,"Macron vrea război cu Rusia, dar armata se opune",1,0,0.001889471081085503
vrd_0209,veridica.ro,2023,Specialiștii centralelor nucleare din Ucraina vor fi trimiși pe front,1,0,0.02012191154062748
vrd_0504,veridica.ro,2025,Ucraina ocupă teritorii rusești,1,0,0.002989400178194046
vrd_0452,veridica.ro,2024,Rusofobia naziștilor ucraineni face imposibilă terminarea războiului,1,0,0.006872803438454866
vrd_0104,veridica.ro,2022,"PROPAGANDĂ DE RĂZBOI: Zaporojie a stabilit contacte cu cel puțin 15 state, inclusiv membre UE",1,0,0.0018473826348781586
vrd_0433,veridica.ro,2024,"Europa, amenințată de un nou val de refugiați ucraineni",1,0,0.006803025491535664
vrd_0424,veridica.ro,2024,Referendumul din Republica Moldova are ca scop eliminarea opoziției,1,1,0.6789578199386597
vrd_0491,veridica.ro,2025,"UE vrea război în Ucraina, așa că nu poate negocia pacea",1,0,0.0014768341789022088
vrd_0169,veridica.ro,2022,PROPAGANDĂ DE RĂZBOI: Putin nu a participat la summit-ul G20 pentru că Occidentul pregătea un atac terorist împotriva sa,1,1,0.6433040499687195
vrd_0645,veridica.ro,2026,România cumpără arme la suprapreț pentru a le dona Ucrainei,1,1,0.6659830808639526
vrd_0461,veridica.ro,2024,România va pierde Ardealul,1,1,0.6749768853187561
vrd_0192,veridica.ro,2023,NATO pregătește teritoriul Republicii Moldova ca viitor teatru de război,1,1,0.667715847492218
vrd_0404,veridica.ro,2024,Militarii ruși din Transnistria apără interesele României și Ucrainei,1,1,0.6765047907829285
vrd_0628,veridica.ro,2025,Chișinăul vrea să renunțe la Transnistria de dragul integrării europene,1,1,0.6748770475387573
vrd_0520,veridica.ro,2025,Zelenski a cumpărat o mină africană de diamante,1,1,0.6754418015480042
vrd_0322,veridica.ro,2023,Rusia a oprit experimentele americane pe ucraineni,1,0,0.002270724391564727
vrd_0475,veridica.ro,2025,Republica Moldova a blocat livrările de gaze rusești spre Transnistria,1,1,0.6729691028594971
vrd_0605,veridica.ro,2025,Zelenski va fi înfrânt și făcut de rușine pentru că nu vrea pace,1,0,0.002923842752352357
vrd_0508,veridica.ro,2025,UE se transformă în bloc militar,1,0,0.039549820125103
vrd_0634,veridica.ro,2025,Rusia omoară oameni din cauza Ucrainei și a Occidentului,1,0,0.0030567774083465338
vrd_0308,veridica.ro,2023,Evghenia Guțul aduce gaz de 10-20 de ori mai ieftin în Găgăuzia decât tariful actual,1,0,0.003344878787174821
vrd_0096,veridica.ro,2022,PROPAGANDĂ DE RĂZBOI: UE va deporta în Ucraina bărbații refugiați pentru a fi înrolați în armată ucraineană,1,0,0.001956141320988536
vrd_0304,veridica.ro,2023,Ucrainenii nu mai vor război și nu mai cred propaganda Kievului,1,0,0.0052239056676626205
vrd_0596,veridica.ro,2025,UE se pregătește de război cu Rusia,1,0,0.004237490240484476
vrd_0362,veridica.ro,2024,Kievul șantajează Occidentul cu un dezastru nuclear,1,0,0.021008456125855446
vrd_0472,veridica.ro,2025,"Putin, atacat energetic de pe teritoriul ucrainean",1,0,0.16395340859889984
vrd_0389,veridica.ro,2024,"Occidentul ajută Ucraina să producă o ""bombă murdară""",1,0,0.002368116984143853
vrd_0347,veridica.ro,2024,UE a preluat controlul asupra sistemului bancar moldovenesc,1,0,0.007168290205299854
vrd_0342,veridica.ro,2024,Ucraina a atacat Republica Moldova cu rachete,1,0,0.0024942965246737003
vrd_0332,veridica.ro,2024,"În UE, doar țările fondatoare se bucură de drepturi",1,1,0.6476297378540039
vrd_0017,veridica.ro,2022,Ucraina este un teritoriu rus sub ocupație străină și ar putea lansa un război împotriva Rusiei,1,1,0.6694843173027039
vrd_0184,veridica.ro,2022,PROPAGANDĂ DE RĂZBOI: Germanii sunt dezamăgiți de decizia UE de a sprijini financiar Ucraina,1,0,0.0019052493153139949
vrd_0274,veridica.ro,2023,Ucrainenii își doresc un președinte ca Vladimir Putin,1,0,0.0030852120835334063
vrd_0149,veridica.ro,2022,"PROPAGANDĂ DE RĂZBOI: Rusia arată reținere în războiul din Ucraina, mai ales când atacă obiective civile",1,0,0.002260758774355054
vrd_0563,veridica.ro,2025,Guvernarea de la Chișinău promovează rusofobia,1,1,0.6681855916976929
vrd_0613,veridica.ro,2025,România va intra în război,1,0,0.0028421375900506973
vrd_0572,veridica.ro,2025,România nu a atacat Transnistria doar pentru că e prea slabă,1,0,0.2754371464252472
vrd_0150,veridica.ro,2022,"PROPAGANDĂ DE RĂZBOI: La fel ca și Adolf Hitler, Volodimir Zelenski a unit Europa pentru a distruge Rusia",1,0,0.3446975350379944
vrd_0238,veridica.ro,2023,Ucraina este un stat terorist și trebuie pedepsit de Rusia,1,0,0.00811007246375084
vrd_0423,veridica.ro,2024,Un grup de scriitori de la Chișinău a încercat să transmită copiilor din Tighina ziare cu falsuri despre istoria Transnistriei,1,0,0.03615221753716469
vrd_0339,veridica.ro,2024,"Referendumul pentru UE din Moldova va fi, de fapt, despre război",1,0,0.00510772317647934
vrd_0313,veridica.ro,2023,Experții americani spun că Ucraina va capitula,1,0,0.0023717358708381653
vrd_0517,veridica.ro,2025,Armata Ucrainei va ataca Rusia de pe teritoriul României,1,1,0.6673197746276855
vrd_0005,veridica.ro,2022,UE transformă România într-o piață pentru produse de slabă calitate,1,0,0.049763523042201996
vrd_0481,veridica.ro,2025,UE a provocat criza energetică din Moldova,1,0,0.0027792060282081366
vrd_0335,veridica.ro,2024,Intenția de a părăsi CSI aruncă Moldova în criză economică,1,0,0.26877450942993164
vrd_0008,veridica.ro,2022,"La sfârșitul Războiului Rece, SUA a vrut să dezmembreze România și i-a oferit-o Rusiei",1,1,0.6751458048820496
vrd_0044,veridica.ro,2022,"PROPAGANDĂ DE RĂZBOI: Ucraina vrea să prelungească războiul și își folosește cetățenii ca scuturi umane, în timp ce Rusia protejează civilii ucraineni",1,0,0.004092426039278507
vrd_0556,veridica.ro,2025,Migrația economică actuală este comparabilă cu deportările sovietice,1,1,0.674370288848877
vrd_0256,veridica.ro,2023,Românii au înțeles că nu trebuie să sprijine Ucraina,1,0,0.0031086255330592394
vrd_0147,veridica.ro,2022,"PROPAGANDĂ DE RĂZBOI: Jumătate din militarii armatei ucrainene sunt străini, ceea ce înseamnă că NATO participă la război",1,0,0.002868868410587311
vrd_0603,veridica.ro,2025,Rusia nu a încălcat Memorandumul de la Budapesta,1,0,0.0019529490964487195
vrd_0674,veridica.ro,2026,"UE devine un ""al patrulea Reich"", finanțând războiul din Ucraina",1,0,0.0021829281467944384
vrd_0595,veridica.ro,2025,Zelenski se droghează și e instabil psihic,1,0,0.005952396895736456
vrd_0390,veridica.ro,2024,Ruşii au capturat o dronă americană de ultimă generaţie,1,1,0.6293814182281494
vrd_0328,veridica.ro,2024,Rusia înfrânge NATO în războiul din Ucraina,1,1,0.6538965702056885
vrd_0456,veridica.ro,2024,Maia Sandu a susținut-o pe Lasconi la prezidențiale pentru că așa i-a zis Soros,1,0,0.006057051010429859
vrd_0333,veridica.ro,2024,Ucraina a renunțat la Donbass și Crimeea,1,0,0.0054528494365513325
vrd_0438,veridica.ro,2024,Ucraina și Republica Moldova - colonii ale Occidentului cu regimuri dictatoriale,1,1,0.6795420050621033
vrd_0567,veridica.ro,2025,Occidentul rescrie istoria pentru a justifica atacarea Rusiei,1,1,0.6654193997383118
vrd_0608,veridica.ro,2025,Războiul din Transnistria a fost oprit de Rusia,1,0,0.0030641185585409403
vrd_0624,veridica.ro,2025,Înfrângerea Ucrainei este în interesul UE,1,0,0.014461463317275047
vrd_0241,veridica.ro,2023,Rusia este susţinută de 85% din populaţia planetei,1,1,0.6596736311912537
vrd_0074,veridica.ro,2022,Guvernarea pro-europeană a Moldovei este de vină că primarul socialist al Chișinăului scumpește transportul public,1,0,0.00547018414363265
vrd_0593,veridica.ro,2025,Occidentul admite că livrările de arme către Ucraina sunt inutile,1,0,0.05148285627365112
vrd_0225,veridica.ro,2023,SUA i-au permis Ucrainei să bombardeze Rusia,1,0,0.0033470287453383207
vrd_0550,veridica.ro,2025,Maia Sandu obligă populația să asiste la evenimentele LGBT,1,0,0.002598922234028578
vrd_0093,veridica.ro,2022,PROPAGANDĂ DE RĂZBOI: Kievul achită armamentul occidental cu exponate muzeale ucrainene,1,0,0.0017171186627820134
vrd_0287,veridica.ro,2023,Liderii UE resping o viitoare extindere a blocului comunitar,1,0,0.0018013579538092017
vrd_0376,veridica.ro,2024,"SBU, implicat în tentativa de asasinat a premierului slovac",1,0,0.453036367893219
vrd_0636,veridica.ro,2025,Rusia a distrus transportul european prin închiderea spaţiului său aerian,1,0,0.009176431223750114
vrd_0004,veridica.ro,2022,"Ucraina este un stat nazist, periculos pentru existența Rusiei",1,1,0.6740584969520569
vrd_0009,veridica.ro,2022,Prin codul QR de pe certificatele verzi se impune creditul social și e înrobită populația,1,1,0.6763275265693665
vrd_0325,veridica.ro,2023,"În UE, Transnistria va fi un loc cu industrii nocive și migranți din Orient",1,1,0.6762733459472656
vrd_0229,veridica.ro,2023,Putin a avertizat Ucraina acum 23 de ani că NATO va provoca un război,1,0,0.003870622254908085
vrd_0032,veridica.ro,2022,"PROPAGANDĂ DE RĂZBOI: Rusia a atacat Cernobîlul, Zaporojie și Harkovul pentru a împiedica Ucraina să producă arme nucleare",1,0,0.004176077898591757
vrd_0652,veridica.ro,2026,"România, obligată prin tratatul UE să intre în război cu Iranul",1,0,0.0032696875277906656
vrd_0638,veridica.ro,2026,România a rămas fără gaze pentru că le-a dat Ucrainei şi Moldovei,1,0,0.22575686872005463
vrd_0270,veridica.ro,2023,"Moldova își va pierde ""total"" suveranitatea, apropiindu-se de NATO",1,0,0.0021220811177045107
vrd_0030,veridica.ro,2022,"NATO furnizează armament Ucrainei prin Republica Moldova, care astfel își încalcă neutralitatea",1,0,0.011451764032244682
vrd_0350,veridica.ro,2024,"Trimiși la moarte, militarii ucraineni le cer civililor să protesteze",1,0,0.006406494416296482
vrd_0586,veridica.ro,2025,"""Coaliția de Voință"" vrea resursele Ucrainei",1,1,0.5388507843017578
vrd_0052,veridica.ro,2022,Refugiații ucraineni abuzează de ospitalitatea moldovenilor,1,1,0.6803138852119446
vrd_0116,veridica.ro,2022,Guvernarea de la Chișinău a instituit un regim dictatorial care luptă împotriva presei libere,1,0,0.0055144489742815495
vrd_0363,veridica.ro,2024,"NATO ar putea ocupa Ucraina, iar Rusia îi apără suveranitatea",1,1,0.670538604259491
vrd_0060,veridica.ro,2022,PROPAGANDĂ DE RĂZBOI: Zelenski a recunoscut că Ucraina a început conflictul cu Rusia,1,0,0.0019938668701797724
vrd_0227,veridica.ro,2023,Războiul a forțat SUA să mute armele biologice din Ucraina,1,0,0.003086717566475272
vrd_0130,veridica.ro,2022,PROPAGANDĂ DE RĂZBOI: Polonia va declanșa un război împotriva Rusiei în următorii 10 ani,1,0,0.002526091178879142
vrd_0080,veridica.ro,2022,PROPAGANDĂ DE RĂZBOI: Neonaziștii ucraineni țin în captivitate civili în regiunea Harkov,1,0,0.001972780330106616
vrd_0050,veridica.ro,2022,NATO luptă cu Rusia pâna la ultimul ucrainean,1,1,0.6513496041297913
vrd_0537,veridica.ro,2025,Zelenski și-a trădat poporul și prelungește intenționat războiul,1,0,0.002272393088787794
vrd_0547,veridica.ro,2025,Cine lucrează pe 4 iulie e anti-american,1,1,0.6639750599861145
vrd_0617,veridica.ro,2025,Ucrainenii vor avea viitor doar în componența Rusiei,1,0,0.004531250335276127
vrd_0479,veridica.ro,2025,SUA solicită condamnarea lui Zelenski la închisoare pe viață,1,0,0.0031879839953035116
vrd_0066,veridica.ro,2022,PROPAGANDĂ DE RĂZBOI: Armata ucraineană aduce cadavre în Lisiciansk pentru a înscena un nou masacru,1,0,0.0025128633715212345
vrd_0100,veridica.ro,2022,PROPAGANDĂ DE RĂZBOI: România va ajuta Ucraina să recupereze Hersonul,1,0,0.034921713173389435
vrd_0208,veridica.ro,2023,România se pregătește să intre în război,1,1,0.6651554107666016
vrd_0294,veridica.ro,2023,UE vrea să se extindă pentru a acapara teritoriu în defavoarea Rusiei,1,0,0.024428075179457664
vrd_0373,veridica.ro,2024,Integrarea Republicii Moldova în UE va duce la lichidarea sa,1,0,0.0028130230493843555
vrd_0533,veridica.ro,2025,Europa și Ucraina vor să deturneze Ziua Victoriei,1,0,0.006375257857143879
vrd_0196,veridica.ro,2023,"Românii vor recâștiga avuția țării dacă se izolează de Occident, ca Japonia",1,1,0.6758967041969299
vrd_0120,veridica.ro,2022,PROPAGANDĂ DE RĂZBOI: Pe teritoriul UE sunt instruiți teroriști care vor acționa împotriva civililor din Donbass,1,0,0.0018080022418871522
vrd_0047,veridica.ro,2022,"Minele amplasate de Ucraina pot arunca în aer Marea Neagră, provocând un cataclism",1,0,0.004524041898548603
vrd_0218,veridica.ro,2023,"Energia verde, promovată de Occident pentru a obține resurse minerale",1,1,0.5796135067939758
vrd_0057,veridica.ro,2022,NATO nu-și va apăra membrii în cazul unui conflict cu Rusia,1,1,0.6506608724594116
vrd_0559,veridica.ro,2025,România continuă să fie jefuită de UE,1,1,0.6761509776115417
vrd_0197,veridica.ro,2023,Maia Sandu a demis-o pe Natalia Gavrilița ca să epureze opoziția și să își consolideze regimul autoritar și anti-rus,1,0,0.0018490328220650554
vrd_0148,veridica.ro,2022,"Hidroelectrica, la fel ca și alte avuții ale românilor, va fi luată de străini",1,0,0.056923817843198776
vrd_0088,veridica.ro,2022,Delegația Chinei a părăsit sala în timpul unui discurs al lui Volodimir Zelenski,1,0,0.002010233933106065
vrd_0115,veridica.ro,2022,Maia Sandu pregătește o lovitură de stat contra propriei guvernări,1,0,0.00457031512632966
vrd_0555,veridica.ro,2025,Rusia și Iranul sunt victimele Occidentului neocolonial și agresiv,1,1,0.6776500940322876
vrd_0494,veridica.ro,2025,Mass-media ridică osanale nazismului şi exponenţilor săi,1,1,0.6739319562911987
vrd_0178,veridica.ro,2022,Autoritățile moldovene vând în UE mai scump gazul ieftin pe care îl primesc din Rusia,1,0,0.021363550797104836
vrd_0262,veridica.ro,2023,Ucrainenii nu mai au loc în cimitire pentru militarii morți,1,0,0.003934164065867662
vrd_0321,veridica.ro,2023,"Potrivit dreptului internațional, Ucraina e a Rusiei",1,1,0.676090657711029
vrd_0460,veridica.ro,2024,Pământul Ucrainei a fost vândut corporațiilor străine,1,0,0.004601496737450361
vrd_0348,veridica.ro,2024,Zelenski repetă greșelile lui Hitler,1,0,0.001677101943641901
vrd_0105,veridica.ro,2022,"PROPAGANDĂ DE RĂZBOI: Rusia a ucis cu o singură rachetă cel puțin 15 generali ucraineni la Vinița, oprind contraofensiva din Donbass",1,0,0.0025608460418879986
vrd_0112,veridica.ro,2022,PROPAGANDĂ DE RĂZBOI: Nivelul infracționalității din Ucraina a crescut de trei ori în urma înarmării civililor,1,0,0.002429157728329301
vrd_0448,veridica.ro,2024,Volodimir Zelenski este un lider terorist care își ucide cetățenii,1,0,0.002600465202704072
vrd_0082,veridica.ro,2022,Dodon a fost reținut la ordinul serviciilor secrete din România,1,1,0.6404387950897217
vrd_0316,veridica.ro,2023,NATO distruge Delta Dunării,1,1,0.6765640377998352
vrd_0402,veridica.ro,2024,Armata ucraineană este finanțată de Occident pentru a ataca Belarusul și Transnistria,1,0,0.013051089830696583
vrd_0249,veridica.ro,2023,UE vrea să împingă Moldova spre o confruntare cu Rusia,1,0,0.0026264560874551535
vrd_0281,veridica.ro,2023,Emigrarea de azi din Moldova este similară deportărilor staliniste,1,1,0.6795334219932556
vrd_0319,veridica.ro,2023,"Ucraina, invadată pentru a opri o invazie NATO",1,0,0.006880038883537054
vrd_0127,veridica.ro,2022,"PROPAGANDĂ DE RĂZBOI: Locuitorii regiunii Zaporojie așteaptă eliberarea orașelor Micolaev, Harkov și Odessa de naziștii ucraineni",1,0,0.002519073197618127
vrd_0263,veridica.ro,2023,Maia Sandu a instaurat un regim dictatorial similar cu cel al lui Plahotniuc,1,1,0.6763412952423096
vrd_0079,veridica.ro,2022,Presa occidentală minte despre războiul din Ucraina,1,1,0.673562228679657
vrd_0102,veridica.ro,2022,România va fi invadată de africani și asiatici veniți din Ucraina,1,0,0.013835577294230461
vrd_0038,veridica.ro,2022,"PROPAGANDĂ DE RĂZBOI: Ucraina se pregătea să atace Belarusul, iar Rusia a dejucat acest scenariu",1,0,0.01689617708325386
vrd_0462,veridica.ro,2024,Rușii salvează memoria istorică a ucrainenilor,1,1,0.670158863067627
vrd_0459,veridica.ro,2024,UE pregătește România și Republica Moldova de război,1,0,0.003468993818387389
vrd_0085,veridica.ro,2022,PROPAGANDĂ DE RĂZBOI: Copiii din Donbass erau vânduți pentru organe sub coordonarea Crucii Roșii,1,0,0.002067738678306341
vrd_0092,veridica.ro,2022,PROPAGANDĂ DE RĂZBOI: Voluntarii din Zaporojie se înscriu într-un batalion care va apăra regiunea de armata ucraineană,1,0,0.0031062013003975153
vrd_0090,veridica.ro,2022,PROPAGANDĂ DE RĂZBOI: Secretarul general al NATO propune Kievului să cedeze Rusiei anumite teritorii în numele păcii,1,0,0.0018477396806702018
vrd_0471,veridica.ro,2025,Occidentul a forțat Rusia să invadeze Ucraina,1,0,0.0029139425605535507
vrd_0450,veridica.ro,2024,R. Moldova este gata să introducă regim de vize pentru ruși,1,0,0.00831331592053175
vrd_0658,veridica.ro,2026,SUA bagă România în război cu Iranul,1,1,0.67509526014328
vrd_0418,veridica.ro,2024,Rusia bombardează doar infrastructura militară a Ucrainei,1,0,0.0021125939674675465
vrd_0114,veridica.ro,2022,PROPAGANDĂ DE RĂZBOI: Statele UE îi vor cere Ucrainei să cedeze în fața Rusiei,1,0,0.002537741092965007
vrd_0623,veridica.ro,2025,Denunțarea unor acorduri CSI va băga Moldova în izolare internațională,1,0,0.001816338743083179
vrd_0070,veridica.ro,2022,Moldova renunță la neutralitate și se înarmează pentru război cu Rusia,1,1,0.6792661547660828
vrd_0295,veridica.ro,2023,Populația Ucrainei a scăzut din cauza NATO și UE,1,0,0.006837932858616114
vrd_0252,veridica.ro,2023,Andrzej Duda spune că Rusia va câștiga războiul,1,0,0.00189389253500849
vrd_0237,veridica.ro,2023,Moldova acceptă atacarea Transnistriei pentru ca Ucraina să ia muniția rusă de acolo,1,0,0.004757985007017851
vrd_0158,veridica.ro,2022,PROPAGANDĂ DE RĂZBOI: Israelul nu va livra armament Ucrainei pentru ca acesta să nu fie furat sau vândut Iranului,1,0,0.0022049134131520987
vrd_0387,veridica.ro,2024,Occidentul respinge planul de pace al Moscovei pentru a distruge Rusia,1,0,0.009477302432060242
vrd_0128,veridica.ro,2022,Autoritățile de la Chișinău amenință autonomia Găgăuziei,1,1,0.6764154434204102
vrd_0264,veridica.ro,2023,"Planul de pace al Rusiei, tot mai susținut în UE",1,0,0.0027053244411945343
vrd_0013,veridica.ro,2022,"NATO trimite trupe în Estul Europei, deși niciun stat-membru nu e amenințat",1,0,0.01259555947035551
vrd_0463,veridica.ro,2024,Ucraina trebuie să plătească cu sânge aderarea la NATO,1,0,0.006564708426594734
vrd_0269,veridica.ro,2023,Interpol îi va da în căutare pe ucrainenii care au fugit de mobilizare,1,0,0.003230143804103136
vrd_0607,veridica.ro,2025,Occidentul i-a cerut lui Zelenski să zboare la Moscova și să accepte pacea,1,0,0.0022857184521853924
vrd_0403,veridica.ro,2024,"Zelenski e vinovat pentru distrugerea economiei Ucrainei, nu armata rusă agresoare",1,0,0.005736692808568478
vrd_0571,veridica.ro,2025,Kievul nazist întinează memoria eliberatorilor sovietici ai Ucrainei,1,0,0.0039468142203986645
vrd_0474,veridica.ro,2025,Ucraina adoptă un model educațional impus de naziști,1,1,0.6741704344749451
vrd_0157,veridica.ro,2022,Oculta mondială va aduce omenirea sub control impunând monede digitale și identitatea digitală,1,1,0.6293869018554688
vrd_0515,veridica.ro,2025,Maia Sandu a dispus arestarea guvernatoarei Găgăuziei,1,1,0.6650382876396179
vrd_0553,veridica.ro,2025,România va suporta costurile aprovizionării cu gaze a Ucrainei,1,1,0.6099947690963745
vrd_0191,veridica.ro,2023,Zelenski a recunoscut că tancurile occidentale nu vor schimba situația de pe front,1,0,0.017957676202058792
vrd_0011,veridica.ro,2022,Moldova renunță la neutralitate și îi cedează NATO controlul asupra forțelor sale armate,1,1,0.6754394173622131
vrd_0371,veridica.ro,2024,Ucraina ar putea ataca Republica Moldova,1,0,0.0037334663793444633
vrd_0343,veridica.ro,2024,SUA vor suferi o înfrângere strategică în Ucraina,1,0,0.0033794569317251444
vrd_0272,veridica.ro,2023,UE îi permite Ucrainei să încalce drepturile rusofonilor,1,0,0.002247857628390193
vrd_0386,veridica.ro,2024,"Ucrainenii, trimiși la moarte la comanda Occidentului",1,0,0.0027386730071157217
vrd_0154,veridica.ro,2022,PROPAGANDĂ DE RĂZBOI: Diplomații străini se retrag din Kiev de frica ofensivei ruse,1,0,0.0016887463862076402
vrd_0539,veridica.ro,2025,Rusia refuză armistițiul pentru că Occidentul a înșelat-o în trecut,1,0,0.001845106016844511
vrd_0454,veridica.ro,2024,"Zelenski, agent MI6 care lucrează pentru distrugerea UE",1,1,0.6097855567932129
vrd_0545,veridica.ro,2025,Zelenski va declanșa Al Treilea Război Mondial,1,0,0.003234551288187504
vrd_0240,veridica.ro,2023,Copiii ucraineni sunt vânduți în Occident,1,0,0.00790678896009922
vrd_0242,veridica.ro,2023,Războiul din Ucraina este în interesul lui Zelenski,1,1,0.6734969019889832
vrd_0226,veridica.ro,2023,Republica Moldova pregătește un milion de rezerviști pentru a ataca Transnistria,1,1,0.6741993427276611
vrd_0087,veridica.ro,2022,PROPAGANDĂ DE RĂZBOI: Statele Unite studiază armamentul rusesc capturat în Ucraina pentru a-i copia tehnologia ultramodernă,1,0,0.0016493832226842642
vrd_0161,veridica.ro,2022,PROPAGANDĂ DE RĂZBOI: Armata ucraineană le dă bani celor care își păcălesc prietenii să se înroleze,1,0,0.006495090201497078
vrd_0569,veridica.ro,2025,Occidentul sprijină protestele anti-corupție din Ucraina ca să scape de Zelenski,1,0,0.00439313892275095
vrd_0144,veridica.ro,2022,Carta ONU îi permite Rusiei să atace Ucraina pentru a combate nazismul,1,1,0.5671008825302124
vrd_0422,veridica.ro,2024,Occidentul vrea să distrugă Ucraina și Biserica ortodoxă,1,0,0.002869386924430728
vrd_0521,veridica.ro,2025,UE și Marea Britanie finanțează terorismul ucrainean,1,0,0.0024768051225692034
vrd_0518,veridica.ro,2025,Kievul nu-și mai controlează armata,1,0,0.0021825830917805433
vrd_0361,veridica.ro,2024,Occidentul vrea să cedeze teritorii ucrainene Rusiei,1,0,0.013595513999462128
vrd_0400,veridica.ro,2024,Zeci de crime de război au fost comise de mercenarii francezi și militarii ucraineni în regiunea Harkov,1,0,0.006109924986958504
vrd_0000,veridica.ro,2022,"NATO are o bază militară la Odessa, pe pământul istoric al Rusiei",1,0,0.00206934311427176
vrd_0374,veridica.ro,2024,Zelenski nu mai are legitimitate și guvernarea sa e ilegală,1,0,0.002615503268316388
vrd_0489,veridica.ro,2025,"Rusia, forțată să invadeze Ucraina",1,0,0.002568438183516264
vrd_0062,veridica.ro,2022,"PROPAGANDĂ DE RĂZBOI: Sudul Ucrainei, eliberat de naționaliști, vrea să fie alipit la Rusia",1,0,0.002132647205144167
vrd_0651,veridica.ro,2026,Occidentul îi va furniza Ucrainei arme nucleare,1,0,0.002246322575956583
vrd_0185,veridica.ro,2022,"PROPAGANDĂ DE RĂZBOI: În timp ce ucrainenii stau în frig și întuneric, Kievul vinde energie electrică Republicii Moldova",1,0,0.004527485463768244
vrd_0464,veridica.ro,2024,Iohannis a instaurat dictatura în România,1,1,0.6791810989379883
vrd_0136,veridica.ro,2022,Serviciile secrete vor orchestra proteste pentru a justifica abandonarea Ucrainei de către UE,1,1,0.6650664210319519
vrd_0544,veridica.ro,2025,Moldova folosește banii UE pentru a-și plăti datoriile,1,0,0.006904540117830038
vrd_0098,veridica.ro,2022,PROPAGANDĂ DE RĂZBOI: Volodimir Zelenski va fi judecat pentru crime de război,1,0,0.0023432059679180384
vrd_0195,veridica.ro,2023,Ucraina recrutează voluntari pentru brigăzi naziste,1,0,0.0034455435816198587
vrd_0428,veridica.ro,2024,Chișinăul este gata să renunțe la regiunea transnistreană în favoarea aderării la UE,1,0,0.0018224056111648679
vrd_0265,veridica.ro,2023,"Atacul de pe Aeroportul Chișinău, o consecință a distanțării de CSI",1,0,0.004303173627704382
vrd_0077,veridica.ro,2022,"Dacă Republica Moldova va părăsi CSI, nu va mai avea unde să-și vândă produsele",1,0,0.03145688399672508
vrd_0142,veridica.ro,2022,PROPAGANDĂ DE RĂZBOI: În regiunea Liov va fi organizat un referendum pentru alipirea la Polonia,1,0,0.003387962933629751
vrd_0314,veridica.ro,2023,Moldovenii s-au opus dintotdeauna Bisericii Ortodoxe Române,1,1,0.6777272820472717
vrd_0340,veridica.ro,2024,Rusia câștiga războiul dacă era la fel de brutală ca Israelul,1,1,0.6540586352348328
vrd_0513,veridica.ro,2025,"Republica Moldova, atrasă în coaliția europeană anti-Trump",1,0,0.08932498842477798
vrd_0378,veridica.ro,2024,"Von der Leyen, criticată în UE că susține Ucraina",1,0,0.0037340980488806963
vrd_0509,veridica.ro,2025,Ucraina va trimite trupe să lupte în Transnistria și Africa,1,0,0.004190710373222828
vrd_0352,veridica.ro,2024,Ucraina își vinde pământul Poloniei,1,1,0.6751392483711243
vrd_0435,veridica.ro,2024,Volodimir Zelenski nu vrea pace în Ucraina,1,0,0.0026390207931399345
vrd_0177,veridica.ro,2022,"PROPAGANDĂ DE RĂZBOI: Statele Unite au înarmat Ucraina începând cu 2014, pentru a o împinge la război împotriva Rusiei",1,0,0.0032912890892475843
vrd_0033,veridica.ro,2022,"Occidentul a declarat război Federației Ruse, iar Moldova riscă să aibă soarta Ucrainei",1,1,0.6749818325042725
vrd_0530,veridica.ro,2025,"Ucraina militaristă riscă un atac nuclear, ca Japonia în 1945",1,0,0.0014450548915192485
vrd_0207,veridica.ro,2023,Zelenski le-a solicitat statelor membre NATO să trimită trupe în Ucraina,1,0,0.0024329882580786943
vrd_0182,veridica.ro,2022,"Sancțiunile nu afectează Rusia, dar vor cauza o criză economică severă în Occident",1,0,0.17739273607730865
vrd_0180,veridica.ro,2022,"România participă cu mii de militari la războiul din Ucraina, conform unei înţelegeri la nivel guvernamental",1,0,0.006626701448112726
vrd_0666,veridica.ro,2026,Ucraina încă nu a fost distrusă pentru că pro-rușii i-au pus baze solide,1,1,0.6345195770263672
vrd_0186,veridica.ro,2022,"Ca și Andrei Marga, Henry Kissinger susține că Ucraina trebuie să cedeze teritorii Rusiei în schimbul păcii",1,1,0.674541711807251
vrd_0532,veridica.ro,2025,Europa a distrus agricultura Moldovei,1,0,0.003103703958913684
vrd_0505,veridica.ro,2025,USAID a asigurat victoria Maiei Sandu la alegerile prezidențiale,1,0,0.0021499760914593935
vrd_0081,veridica.ro,2022,"OSCE colabora cu regimentului ""Azov"" din Mariupol și îi furniza informații",1,0,0.003186356509104371
vrd_0601,veridica.ro,2025,Ucraina refuză pacea și forțează Rusia să continue războiul,1,0,0.0031702991109341383
vrd_0671,veridica.ro,2026,Maia Sandu e de vină pentru scumpirea carburanților în Republica Moldova,1,0,0.02793079800903797
vrd_0248,veridica.ro,2023,NATO sprijină Ucraina pentru a cauza un război mondial,1,0,0.0034031879622489214
vrd_0228,veridica.ro,2023,Ucraina a atacat România cu mine,1,0,0.1192035898566246
vrd_0175,veridica.ro,2022,În România va fi blackout de sărbători pentru ca patrioții să poată fi asasinați,1,1,0.6737534403800964
vrd_0143,veridica.ro,2022,Republica Moldova este condusă de un regim dictatorial rusofob,1,1,0.6788008809089661
vrd_0236,veridica.ro,2023,Românismul e o formă de agresiune împotriva Rusiei,1,1,0.679601788520813
vrd_0199,veridica.ro,2023,Zelenski a recunoscut că ucrainenii simpli n-au niciun motiv să lupte împotriva Rusiei,1,0,0.0021028504706919193
vrd_0046,veridica.ro,2022,PROPAGANDĂ DE RĂZBOI: Forțele ucrainene au distrus orașul Mariupol,1,0,0.005873356480151415
vrd_0118,veridica.ro,2022,PROPAGANDĂ DE RĂZBOI: SUA vor provoca un dezastru nuclear în Ucraina pentru a ascunde urmele laboratoarelor de arme biologice,1,0,0.011598175391554832
vrd_0043,veridica.ro,2022,Rușii din afara țării sunt discriminați,1,0,0.00873972661793232
vrd_0582,veridica.ro,2025,Viktor Ianukovici s-a opus aderării Ucrainei la NATO pentru a păstra pacea,1,0,0.0014687501825392246
vrd_0497,veridica.ro,2025,"Zelenski, acuzat în Rada de terorism și uzurparea puterii",1,0,0.002746507292613387
vrd_0482,veridica.ro,2025,Londra sprijină Ucraina neonazistă pentru a o transforma într-o colonie,1,0,0.0019216584041714668
vrd_0029,veridica.ro,2022,"SUA nu consideră că trimiterea de trupe rusești în republicile separatiste Donețk și Luhansk, din Donbass, reprezintă o invazie a Ucrainei",1,0,0.006210146471858025
vrd_0076,veridica.ro,2022,PROPAGANDĂ DE RĂZBOI: Consilierul lui Zelenski anunță organizarea unui genocid al rusofonilor în Harkov și Donbass,1,0,0.0022489477414637804
vrd_0380,veridica.ro,2024,Germania vrea să scape de refugiaţii ucraineni,1,0,0.0047142393887043
vrd_0519,veridica.ro,2025,SUA folosesc Ucraina pentru a distruge Rusia,1,0,0.002412768080830574
vrd_0397,veridica.ro,2024,Transportatorii ucraineni nu mai pot fi controlați,1,0,0.01739901304244995
vrd_0468,veridica.ro,2024,SUA refuză normalizarea relaţiilor cu Rusia,1,0,0.004353113006800413
vrd_0278,veridica.ro,2023,Polonia vrea să atace Rusia și să ocupe vestul Ucrainei,1,0,0.007773382589221001
vrd_0083,veridica.ro,2022,PROPAGANDĂ DE RĂZBOI: Majoritatea polonezilor susțin invadarea regiunilor din vestul Ucrainei,1,0,0.005317841190844774
vrd_0246,veridica.ro,2023,Rusia nu se implică în afacerile interne ale Moldovei,1,0,0.0031811147928237915
vrd_0458,veridica.ro,2024,UE vrea să transforme Georgia într-un aliat militar împotriva Rusiei,1,0,0.002377220895141363
vrd_0409,veridica.ro,2024,România e de vină pentru foametea din Moldova Sovietică din 1946-47,1,0,0.0068346657790243626
vrd_0625,veridica.ro,2025,Liderii ucraineni vor fi judecați de un tribunal internațional,1,0,0.0022717975080013275
vrd_0190,veridica.ro,2022,PROPAGANDĂ DE RĂZBOI: UE își ascunde implicarea în crimele comise pe teritoriul Ucrainei prin înființarea unui tribunal special,1,0,0.002020438201725483
vrd_0023,veridica.ro,2022,"Ședința comună a guvernelor de la București și Chișinău, un nou pas spre anexarea Republicii Moldova de către România",1,1,0.6804348230361938
vrd_0355,veridica.ro,2024,Moldova îi cere Rusiei să evacueze rușii din Transnistria,1,0,0.007358193397521973
vrd_0609,veridica.ro,2025,Sprijinirea Ucrainei va duce la autodistrugerea UE,1,0,0.002886886475607753
vrd_0069,veridica.ro,2022,"PROPAGANDĂ DE RĂZBOI: În Ucraina au sosit mercenari din Israel care luptă împotriva Rusiei alături de militarii grupului ""Azov""",1,0,0.002371234819293022
vrd_0286,veridica.ro,2023,"Ucraina îi glorifică pe ucigașii a 1,5 milioane de evrei",1,0,0.04084879532456398
vrd_0292,veridica.ro,2023,Interzicerea automobilelor din Rusia arată nazismul UE,1,0,0.018809176981449127
vrd_0382,veridica.ro,2024,Natalitatea în Moldova scade din cauza exercițiilor militare cu NATO,1,0,0.0072492510080337524
vrd_0041,veridica.ro,2022,PROPAGANDĂ DE RĂZBOI: Ucraina se pregătea să atace Donbassul și și-a mascat intențiile ascunzând militari în școli și spitale,1,0,0.0030061742290854454
vrd_0561,veridica.ro,2025,Biserica Ortodoxă Română și Occidentul promovează agenda LGBT în Moldova,1,1,0.6772941946983337
vrd_0205,veridica.ro,2023,"Rusia trebuie să se mobilizeze pentru a învinge NATO în noul ""război pentru apărarea patriei""",1,0,0.0034545997623354197
vrd_0470,veridica.ro,2025,"NATO, la solicitarea Chișinăului, pregătește un atac asupra Transnistriei",1,0,0.0030227520037442446
vrd_0407,veridica.ro,2024,UE vrea să distrugă Rusia cu ajutorul Ucrainei,1,0,0.008531615138053894
vrd_0426,veridica.ro,2024,"""Reunificarea"" cu Rusia a adus prosperitate în Donbas",1,1,0.6746326684951782
vrd_0630,veridica.ro,2025,"UE pregătește un nou ""Pearl Harbor"" ca să bage SUA în război cu Rusia",1,0,0.0018618449103087187
vrd_0124,veridica.ro,2022,"Prezența militară rusă în Transnistria este ""piatra de temelie"" a securității în întreaga regiune",1,1,0.6813027262687683
vrd_0431,veridica.ro,2024,R. Moldova a reușit să se apropie de UE doar datorită rusofobiei,1,1,0.6772054433822632
vrd_0618,veridica.ro,2025,UE și Moldova spun că Rusia e o amenințare pentru a-și masca eșecurile,1,0,0.0027822896372526884
vrd_0097,veridica.ro,2022,PROPAGANDĂ DE RĂZBOI: Locuitorii regiunii Luhansk vor fi deportați de Kiev,1,0,0.0037388463970273733
vrd_0512,veridica.ro,2025,Volodimir Zelenski este singurul obstacol în calea păcii,1,0,0.0030170681420713663
vrd_0016,veridica.ro,2022,Chișinăul întreține conflictul transnistrean pentru ca Occidentul să rămână interesat de Moldova,1,1,0.6836875081062317
vrd_0410,veridica.ro,2024,Ceremonia de închidere a Olimpiadei a fost un spectacol satanist,1,1,0.6753242015838623
vrd_0298,veridica.ro,2023,În Ucraina va fi o iarnă grea din cauza autorităților,1,0,0.0022557482589036226
vrd_0172,veridica.ro,2022,"Deja cucerită de Occident, România se lasă călcată în picioare și de Ucraina",1,1,0.6780464053153992
vrd_0271,veridica.ro,2023,Ucrainenii sunt condamnați la pușcărie pentru că discută cu rudele lor din Rusia,1,0,0.0019762760493904352
vrd_0349,veridica.ro,2024,Rușii au fost primiți cu bucurie în Avdiivka,1,0,0.02239796705543995
vrd_0529,veridica.ro,2025,"Maia Sandu a interzis marcarea ""Zilei Victoriei"" în R. Moldova",1,0,0.04205230996012688
vrd_0535,veridica.ro,2025,"Conflictul transnistrean, provocat de rusofobie și românism",1,1,0.6690641045570374
vrd_0027,veridica.ro,2022,NATO împinge Moldova spre un război cu Rusia,1,1,0.6784233450889587
vrd_0370,veridica.ro,2024,Franța a trimis Legiunea Străină pe frontul ucrainean,1,1,0.670411229133606
vrd_0354,veridica.ro,2024,"Pacea, realizabilă doar prin anexarea Ucrainei",1,0,0.0018496261909604073
vrd_0445,veridica.ro,2024,UE a ruinat Ucraina,1,1,0.6756736636161804
vrd_0487,veridica.ro,2025,"CIJ a dat teritorii României, cum vrea și Călin Georgescu",1,1,0.6791470050811768
vrd_0231,veridica.ro,2023,Ucraina este un pseudo-stat nazist împins la război de Occident,1,1,0.670897901058197
vrd_0101,veridica.ro,2022,Parteneriatul strategic România-SUA nu ne-a adus avantaje,1,1,0.6783641576766968
vrd_0166,veridica.ro,2022,Statele Unite se pregătesc să atace Transnistria,1,0,0.007262557279318571
vrd_0594,veridica.ro,2025,Victoria PAS în alegeri va avea același impact ca venirea naziștilor la putere,1,1,0.6551697850227356
vrd_0501,veridica.ro,2025,Britanicii vor muri și Zelenski se va îmbogăți,1,0,0.004063306376338005
vrd_0573,veridica.ro,2025,Occidentalii migrează în masă în Rusia în căutarea valorilor tradiționale,1,0,0.012217524461448193
vrd_0526,veridica.ro,2025,Chișinăul persecută Mitropolia subordonată Patriarhiei Ruse,1,1,0.6747424006462097
vrd_0647,veridica.ro,2026,Ucrainenii se vor închina la icoana unui sportiv cu cască,1,0,0.0024394402280449867
vrd_0126,veridica.ro,2022,Românii și Europa vor îngheța la iarnă,1,0,0.3351465165615082
vrd_0129,veridica.ro,2022,Rusia nu este de vină pentru explozia prețurilor la energie și gaze naturale,1,1,0.6576935648918152
vrd_0670,veridica.ro,2026,"Ucrainenii vor să citească în rusă, nu în ucraineană",1,0,0.010650339536368847
vrd_0649,veridica.ro,2026,Va fi pace doar dacă Ucraina va fi administrată de o putere străină,1,0,0.0019362427992746234
vrd_0383,veridica.ro,2024,Noul Parlament European va continua politica rusofobă,1,0,0.004548027645796537
vrd_0282,veridica.ro,2023,Ucraina vrea să masacreze rușii din Crimeea,1,0,0.00589482206851244
vrd_0669,veridica.ro,2026,"Israelul vrea ""să anuleze creştinismul""",1,0,0.002277268562465906
vrd_0051,veridica.ro,2022,"PROPAGANDĂ DE RĂZBOI: 95% dintre ucraineni așteaptă să fie eliberați de Rusia, afirmă liderul separatist din Luhansk, Marat Bașirov",1,0,0.003549299668520689
vrd_0007,veridica.ro,2022,Ucraina pregătește un masacru în Donbass,1,0,0.003287290222942829
vrd_0277,veridica.ro,2023,Moldova se-ndreaptă spre dictatură cu binecuvântarea Occidentului,1,1,0.6759471297264099
vrd_0457,veridica.ro,2024,Blândețea autorităților a permis lovitura de stat din Ucraina,1,0,0.003965018782764673
vrd_0318,veridica.ro,2023,"În Ucraina, Rusia poartă un război de eliberare națională",1,0,0.002218568231910467
vrd_0327,veridica.ro,2024,Atac nuclear al SUA pentru a ascunde înfrângerea Ucrainei,1,0,0.00398086104542017
vrd_0162,veridica.ro,2022,PROPAGANDĂ DE RĂZBOI: Șomerii din Ucraina vor fi înrolați în armată și trimiși pe front,1,0,0.003474166849628091
vrd_0588,veridica.ro,2025,Franța nu va mai sprijini Ucraina,1,0,0.0037720915861427784
vrd_0055,veridica.ro,2022,"PROPAGANDĂ DE RĂZBOI: Experții americani consideră că masacrul de la Bucea este o invenție a ""propagandei ucrainene""",1,0,0.0028068155515938997
vrd_0484,veridica.ro,2025,Doar unirea cu Rusia poate salva Ucraina,1,0,0.0025369373615831137
vrd_0667,veridica.ro,2026,"Moldova acuză Ucraina de trafic de arme, dar vrea să trimită trupe pentru a o sprijini",1,0,0.004212177824229002
vrd_0413,veridica.ro,2024,UE va finanța războiul împotriva Rusiei până vor muri toți ucrainenii,1,0,0.010318983346223831
vrd_0525,veridica.ro,2025,"Dacă ucrainenii vor pace, Ucraina trebuie să dispară",1,1,0.6724348068237305
vrd_0334,veridica.ro,2024,UE va limita călătoriile cetățenilor săi,1,0,0.0050492542795836926
vrd_0024,veridica.ro,2022,Kievul își încalcă obligația de a negocia cu separatiștii din Donbass și face propagandă ca Goebbels,1,0,0.0101906917989254
vrd_0040,veridica.ro,2022,"PROPAGANDĂ DE RĂZBOI: 15 milioane de ucraineni au legături strânse cu Rusia, iar naționaliștii ucraineni îi folosesc pe rusofoni ca scuturi umane.",1,0,0.0021181146148592234
vrd_0421,veridica.ro,2024,UE se înarmează pentru a ataca Rusia exact ca Germania nazistă,1,0,0.0292055606842041
vrd_0551,veridica.ro,2025,Ucraina recurge la terorism din cauza lipsei de fonduri,1,0,0.0015307136345654726
vrd_0259,veridica.ro,2023,În Moldova se vrea amendarea vorbitorilor de rusă,1,1,0.6249577403068542
vrd_0503,veridica.ro,2025,Ucrainenii trăiesc mai puțin din cauza guvernanților,1,0,0.0031284508295357227
vrd_0167,veridica.ro,2022,PROPAGANDĂ DE RĂZBOI: Volodimir Zelenski a vizitat Hersonul pentru a lansa masacrarea civililor,1,0,0.001859600655734539
vrd_0639,veridica.ro,2026,Parlamentul de la Kiev vrea refacerea unității cu Rusia și Belarus,1,0,0.002577709499746561
vrd_0583,veridica.ro,2025,"Zelenski este inadecvat, iar armele occidentale doar adâncesc ""agonia regimului""",1,0,0.002293521072715521
vrd_0022,veridica.ro,2022,"Putin este un bun creștin, victimă a discursului rusofob și n-are vreo legătură cu comunismul, impus Rusiei de Occident",1,0,0.0065901014022529125
vrd_0138,veridica.ro,2022,Republica Moldova vrea un schimb de teritorii cu Ucraina,1,0,0.021134648472070694
vrd_0204,veridica.ro,2023,"România masează trupe la granița cu Moldova și în Chișinău, chiar dacă neagă acest lucru",1,1,0.6677330136299133
vrd_0620,veridica.ro,2025,"Drona prăbușită în județul Vaslui e ucraineană, nu rusească",1,1,0.6730754375457764
vrd_0194,veridica.ro,2023,"Abandonați de propriul guvern, refugiații ucraineni sunt prost tratați și de Republica Moldova",1,0,0.0036089897621423006
vrd_0315,veridica.ro,2023,Occidentul îi cere Ucrainei să mobilizeze femeile și bătrânii,1,0,0.002031024545431137
vrd_0510,veridica.ro,2025,UE va confisca economiile populației,1,1,0.6806069016456604
vrd_0531,veridica.ro,2025,Războiul din Ucraina a fost planificat de NATO,1,0,0.20726898312568665
vrd_0490,veridica.ro,2025,"USAID a organizat ""revoluția Twitter"" din Republica Moldova",1,1,0.6780123114585876
vrd_0170,veridica.ro,2022,Chișinăul negociază cu Kievul un schimb de teritorii: oferă un depozit militar din Transnistria în locul unei părți a regiunii Odessa,1,0,0.0020392253063619137
vrd_0021,veridica.ro,2022,"România cumpără arme americane, fără a avea vreun beneficiu, în loc să investească în educație",1,1,0.5675567984580994
vrd_0560,veridica.ro,2025,Ucraina respinge propunerea Rusiei de a iniția negocieri de pace,1,0,0.001810621120966971
vrd_0672,veridica.ro,2026,UE se pregătește de război împotriva Rusiei,1,0,0.002805917290970683
vrd_0297,veridica.ro,2023,Moldova vrea să intre în UE prin NATO,1,0,0.05521415174007416
vrd_0239,veridica.ro,2023,"""Operațiunea militară specială"" salvează Rusia de agresiunea Occidentului",1,0,0.00754479831084609
vrd_0031,veridica.ro,2022,"Războiul din Ucraina, pretext pentru denigrarea Rusiei, cenzură, înfricoșarea populației în România și Europa și îmbogățirea vânzătorilor de armament",1,1,0.6780340075492859
vrd_0451,veridica.ro,2024,Zelenski va provoca un război civil sau nuclear,1,0,0.0016726083122193813
vrd_0243,veridica.ro,2023,Moldova iese din CSI la indicația Occidentului,1,0,0.0034822323359549046
vrd_0042,veridica.ro,2022,PROPAGANDĂ DE RĂZBOI: Rusia a descoperit lagăre naționaliste de concentrare în estul Ucrainei,1,0,0.002080213977023959
vrd_0483,veridica.ro,2025,Ţările baltice şi-au pierdut independenţa,1,0,0.0037591170985251665
vrd_0653,veridica.ro,2026,Ucraina furnizează arme cartelurilor mexicane,1,1,0.678928554058075
vrd_0173,veridica.ro,2022,Guvernarea de la Chișinău vrea să forțeze intrarea Republicii Moldova în NATO,1,0,0.03687548264861107
vrd_0165,veridica.ro,2022,Consumatorii români nu vor mai putea cumpăra energie de la Hidroelectrica și Nuclearelectrica din cauză că aceasta va fi dată Moldovei,1,0,0.06145109236240387
vrd_0523,veridica.ro,2025,UE se va alătura Ucrainei ca să răzbune înfrângerea din 1945,1,0,0.0027247907128185034
vrd_0113,veridica.ro,2022,Zelenski face legi pentru a prelungi războiul cu Rusia pe încă 50 de ani,1,1,0.6728826761245728
vrd_0600,veridica.ro,2025,Rusia a dezvoltat un vaccin anticancer,1,1,0.6705116033554077
vrd_0058,veridica.ro,2022,PROPAGANDĂ DE RĂZBOI: Locuitorii orașului Zaporojie solicită alipirea la Republica Populară Donețk,1,0,0.0021329789888113737
vrd_0164,veridica.ro,2022,Republica Moldova fură gazul Transnistriei și îl vinde Ucrainei,1,0,0.008123202249407768
vrd_0417,veridica.ro,2024,Chișinăul s-ar pregăti să atace regiunea transnistreană,1,0,0.03000430390238762
vrd_0221,veridica.ro,2023,Guvernarea de la Chișinău a furat un miliard de euro din ajutorul financiar oferit de UE,1,1,0.6709879636764526
vrd_0012,veridica.ro,2022,Armamentul oferit de Occident Ucrainei este expirat,1,1,0.6532532572746277
vrd_0466,veridica.ro,2024,UE nu sprijină R. Moldova să treacă peste criza energetică,1,1,0.6772410869598389
vrd_0267,veridica.ro,2023,Occidentul invită Rusia să se reconecteze la sistemul internaţional de plăţi,1,0,0.0069418055936694145
vrd_0637,veridica.ro,2025,În Ucraina va fi pace doar dacă Rusia își atinge obiectivele,1,0,0.002963344333693385
vrd_0359,veridica.ro,2024,Republica Moldova renunță la Transnistria,1,0,0.007718912325799465
vrd_0276,veridica.ro,2023,Ucrainenii așteaptă salvarea de la Rusia,1,0,0.02514703758060932
vrd_0163,veridica.ro,2022,PROPAGANDĂ DE RĂZBOI: Belarusul și Rusia formează un grup militar comun pentru a se apăra de atacuri teroriste ucrainene și de o posibilă agresiune NATO,1,0,0.008767074905335903
vrd_0486,veridica.ro,2025,"Dacă Zelenski nu e oprit, Ucraina dispare într-un an",1,0,0.002058373298496008
vrd_0654,veridica.ro,2026,A început Al Treilea Război Mondial,1,1,0.6685729026794434
vrd_0564,veridica.ro,2025,Trump contribuie la intensificarea războiului din Ucraina,1,0,0.00464797206223011
vrd_0502,veridica.ro,2025,UE doreşte prelungirea războiului din Ucraina. Narațiunea e promovată de Dan Dungaciu,1,0,0.001954809995368123
vrd_0159,veridica.ro,2022,Românii protestează în masă față de NATO și politica de sprijin pentru Ucraina,1,0,0.04107409343123436
vrd_0416,veridica.ro,2024,Pacea e posibilă doar dacă Ucraina va capitula,1,0,0.005965427029877901
vrd_0673,veridica.ro,2026,UEFA atacă ortodoxia,1,1,0.6573662757873535
vrd_0477,veridica.ro,2025,Ucraina are pretenții teritoriale față de Belarus,1,0,0.00252379453741014
vrd_0200,veridica.ro,2023,Ucraina va organiza un genocid al rușilor,1,0,0.005315809044986963
vrd_0622,veridica.ro,2025,"România, obligată să participe cu trupe la războiul din Ucraina",1,0,0.17856983840465546
vrd_0156,veridica.ro,2022,Pro-europenii de la Chișinău creează un regim autoritar militarizat care nu se va lăsa schimbat pe căi democratice,1,1,0.6692655086517334
vrd_0211,veridica.ro,2023,Crește numărul moldovenilor care îi dau dreptate Rusiei în războiul din Ucraina,1,0,0.003860948607325554
vrd_0293,veridica.ro,2023,Militarii ucraineni ucid civili în Herson,1,0,0.0027095526456832886
vrd_0307,veridica.ro,2023,Americanii pregătesc ocuparea Moldovei de către România,1,0,0.016928881406784058
vrd_0414,veridica.ro,2024,Moldova vrea să-i dea Ucrainei un depozit rusesc de arme din Transnistria,1,1,0.6759489178657532
vrd_0133,veridica.ro,2022,"UE a abandonat Republica Moldova, iar România i-a dublat prețul la energia electrică",1,1,0.6783199906349182
vrd_0216,veridica.ro,2023,Cehii îi dau Ucrainei arme ca să bombardeze civili,1,0,0.0032269286457449198
vrd_0260,veridica.ro,2023,ONU a acuzat Ucraina de torturarea civililor,1,0,0.003497362369671464
vrd_0398,veridica.ro,2024,Regimul lui Zelenski este la fel de represiv ca cel al lui Hitler,1,0,0.004266059957444668
vrd_0233,veridica.ro,2023,România susține propunerea lui Medvedev de împărțire a Ucrainei,1,0,0.007327087223529816
vrd_0655,veridica.ro,2026,"Vladimir Putin, un etalon de moralitate pentru că a condamnat războiul din Iran",1,1,0.6752088069915771
vrd_0001,veridica.ro,2022,"România e rusofobă din ordinul Occidentului, dar românii împărtășesc valorile Rusiei",1,1,0.6771313548088074
vrd_0122,veridica.ro,2022,Majoritatea românilor vor ieșirea țării din NATO și UE,1,1,0.6675816774368286
vrd_0455,veridica.ro,2024,Zelenski vrea să elimine trei sferturi din ucraineni,1,0,0.011229651048779488
vrd_0331,veridica.ro,2024,Ucrainenii care vor propria țară vor fi uciși,1,0,0.032749757170677185
vrd_0662,veridica.ro,2026,"Ucraina e satanistă, nazistă și anti-democrată",1,0,0.0038864952512085438
vrd_0641,veridica.ro,2026,UE vrea Moldova doar ca piață de desfacere,1,0,0.010595572181046009
vrd_0646,veridica.ro,2026,Rusia luptă în Ucraina ca să apere libertatea și credința,1,0,0.09263662993907928
vrd_0659,veridica.ro,2026,Maia Sandu a mers la Vilnius să demonizeze Rusia și URSS,1,0,0.0020750185940414667
vrd_0570,veridica.ro,2025,Uniunea Europeană devine un bloc militar,1,1,0.69854336977005
vrd_0591,veridica.ro,2025,Pacea în Ucraina nu este posibilă fără înlăturarea lui Zelenski,1,0,0.006526105105876923
vrd_0538,veridica.ro,2025,Republica Moldova vrea teritorii de la Ucraina,1,1,0.6610991954803467
vrd_0554,veridica.ro,2025,"Pentru că Zelenski nu vrea pace, Rada îi cere demisia",1,0,0.0015669169370085
vrd_0498,veridica.ro,2025,Antisemitismul românesc este provocat de evrei,1,1,0.6721579432487488
vrd_0103,veridica.ro,2022,Chișinăul vrea să denunțe Acordul de încetare a focului în Transnistria,1,0,0.03203267976641655
vrd_0577,veridica.ro,2025,Ucraina folosește vârstnici ruși pentru atacuri teroriste,1,0,0.007926136255264282
vrd_0220,veridica.ro,2023,Germania sprijină Ucraina pentru a face uitate ororile nazismului,1,1,0.6764783263206482
vrd_0406,veridica.ro,2024,Ucraineni pro-ruși fac sabotaje în România,1,1,0.67803955078125
vrd_0411,veridica.ro,2024,Un fond american de investiții deține jumătate din Ucraina,1,0,0.009624630212783813
vrd_0656,veridica.ro,2026,Maia Sandu e implicată în scandalul Epstein,1,0,0.0565246045589447
vrd_0626,veridica.ro,2025,România reduce sprijinul pentru Ucraina din cauza corupției de la Kiev,1,0,0.003083792980760336
vrd_0107,veridica.ro,2022,"PROPAGANDĂ DE RĂZBOI: La comanda SUA, Kievul va provoca un dezastru nuclear la Zaporojie",1,0,0.0034024345222860575
vrd_0420,veridica.ro,2024,Uniunea Europeană impune cenzură și agenda LGBT,1,1,0.6061499714851379
vrd_0516,veridica.ro,2025,Europa vrea să prelungească războiul din Ucraina până în 2030,1,0,0.002684338018298149
vrd_0214,veridica.ro,2023,"Rusia și China vor pace în Ucraina, în timp ce Occidentul alimentează războiul",1,0,0.005132695659995079
vrd_0145,veridica.ro,2022,Vaccinul anti-Covid19 duce la cancer testicular,1,0,0.026822499930858612
vrd_0045,veridica.ro,2022,"PROPAGANDĂ DE RĂZBOI: Pentru a atrage NATO în război, Ucraina va ataca ambasada SUA la Lvov și va da vina pe Rusia",1,0,0.0034240325912833214
vrd_0244,veridica.ro,2023,Occidentul crede că Ucraina va pierde,1,0,0.005420692730695009
vrd_0392,veridica.ro,2024,"Agricultorii moldoveni nu au acces pe piața UE, care dă Moldovei doar arme",1,1,0.6726539731025696
vrd_0302,veridica.ro,2023,ONU spune că Ucraina amenință securitatea alimentară globală,1,0,0.005288858897984028
vrd_0432,veridica.ro,2024,Liderii Ucrainei au furat 240 de miliarde de USD dați de UE și SUA,1,1,0.6685447692871094
vrd_0405,veridica.ro,2024,Piloţii ucraineni antrenaţi în România sunt bețivi și incompetenţi,1,1,0.6777083277702332
vrd_0606,veridica.ro,2025,"Politica anti-imigrație a Ungariei, aprobată de CJUE",1,0,0.0020591216161847115
vrd_0661,veridica.ro,2026,UE se apropie de China și Rusia ca reacție la războiul din Iran,1,1,0.6688827872276306
vrd_0534,veridica.ro,2025,Franța sprijină Ucraina pentru a declanșa al Treilea Război Mondial,1,0,0.002131607150658965
vrd_0072,veridica.ro,2022,"PROPAGANDĂ DE RĂZBOI: Sinodul Bisericii Ortodoxe Ruse, condamnat la moarte pe teritoriul Ucrainei",1,0,0.0018467234913259745
vrd_0019,veridica.ro,2022,România își înlocuiește ambasadorul unionist de la Chișinău cu un expert NATO,1,0,0.002782369265332818
vrd_0506,veridica.ro,2025,UE a provocat războiul din Ucraina,1,1,0.6786881685256958
vrd_0393,veridica.ro,2024,Americanii au instalat sistemul HAARP şi în România,1,1,0.6705909967422485
vrd_0201,veridica.ro,2023,"Ucraina se pregătește să atace Transnistria, iar o armadă de tancuri NATO de pe teritoriul României, să ajungă în Crimeea",1,1,0.6761272549629211
vrd_0230,veridica.ro,2023,"Dacă vrea în UE, Moldova trebuie să adere la NATO",1,0,0.026468150317668915
vrd_0351,veridica.ro,2024,"Sancțiunile UE pentru moldoveni, similare deportărilor staliniste",1,1,0.6746438145637512
vrd_0309,veridica.ro,2023,Occidentul are nevoie de războiul din Ucraina,1,0,0.021344855427742004
vrd_0469,veridica.ro,2024,Chișinăul a provocat criza energetică din Transnistria,1,0,0.0028159404173493385
vrd_0283,veridica.ro,2023,Guvernarea de la Chișinău și-a legat soarta de Ucraina,1,0,0.0038807771634310484
vrd_0215,veridica.ro,2023,SUA conduce România și poartă război împotriva Rusiei,1,1,0.6803199648857117
vrd_0174,veridica.ro,2022,PROPAGANDĂ DE RĂZBOI: Moscova arată reținere când bombardează Ucraina pentru că știe că populația nu susține guvernarea neo-nazistă,1,0,0.002368228742852807
vrd_0415,veridica.ro,2024,Arme biologice ucrainene tranzitează România și Republica Moldova,1,0,0.002680010162293911
vrd_0579,veridica.ro,2025,Copiii ruși nu vor în UE din cauza discriminării și propagandei LGBT,1,0,0.0019556323532015085
vrd_0219,veridica.ro,2023,Zelenski are legături cu naziștii,1,0,0.004981918726116419
vrd_0039,veridica.ro,2022,Forțele ucrainene au doborât un avion și un elicopter românești în Dobrogea,1,0,0.006174879614263773
vrd_0522,veridica.ro,2025,Chișinăul a anulat autonomia Găgăuziei,1,0,0.0018987137591466308
vrd_0099,veridica.ro,2022,Maia Sandu închide universități și școli cu predare în limba rusă,1,0,0.019550355151295662
vrd_0578,veridica.ro,2025,Prosperitatea UE a rămas în trecut,1,0,0.0016170870512723923
vrd_0255,veridica.ro,2023,În Ucraina are loc un război civil pentru refacerea Rusiei Mari,1,1,0.673181414604187
vrd_0018,veridica.ro,2022,România va fi dezmembrată în cazul unei invazii ruse în Ucraina,1,1,0.7821661829948425
vrd_0329,veridica.ro,2024,"Taxele Chișinăului, un pas spre anexarea Transnistriei de România",1,0,0.0019568861462175846
vrd_0614,veridica.ro,2025,Europa se înarmează pentru a ataca Rusia,1,0,0.002591839525848627
vrd_0401,veridica.ro,2024,"Conducerea ucraineană este fascistă și implicată în traficul de ființe umane, afirmă ofițeri ai Pentagonului",1,0,0.005976742133498192
vrd_0179,veridica.ro,2022,PROPAGANDĂ DE RĂZBOI: Conducerea Ucrainei vrea război ca să facă bani și nu-i pasă de suferințele civililor,1,0,0.0055403029546141624
vrd_0025,veridica.ro,2022,"Presa occidentală dezinformează cu privire la criza din Ucraina, care e o diversiune a Occidentului",1,0,0.0033682556822896004
vrd_0660,veridica.ro,2026,Zelenski i-a cerut României să atace Iranul și Rusia,1,1,0.6670066714286804
vrd_0576,veridica.ro,2025,Occidentul vede semnele colapsului ucrainean în război,1,0,0.004173784051090479
vrd_0203,veridica.ro,2023,Guvernarea de la Chișinău interzice presa rusă la indicația Occidentului,1,1,0.6683002710342407
vrd_0524,veridica.ro,2025,Hitler nu s-a sinucis în 1945,1,0,0.001696587074548006
vrd_0488,veridica.ro,2025,Zelenski a cumpărat reședința lui Hitler,1,0,0.0019110686844214797
vrd_0266,veridica.ro,2023,"Ucraina va fi alipită Poloniei, pentru a face parte din NATO și UE",1,1,0.669725239276886
vrd_0026,veridica.ro,2022,Suplimentarea forțelor NATO în România e aberantă întrucât Rusia nu amenință pe nimeni,1,0,0.027164433151483536
vrd_0473,veridica.ro,2025,Liderii europeni sunt beneficiarii corupției și criminalității din Ucraina,1,0,0.2254464477300644
vrd_0290,veridica.ro,2023,Războiul a salvat Rusia de șomaj și sărăcie,1,0,0.004356564488261938
vrd_0399,veridica.ro,2024,Maia Sandu este vinovată pentru creșterea ratei infracționalității în R. Moldova,1,1,0.6662634015083313
vrd_0357,veridica.ro,2024,Guvernarea de la Chișinău impune integrarea europeană a Moldovei,1,0,0.0030021739657968283
vrd_0141,veridica.ro,2022,"Referendumurile din Ucraina ocupată sunt legitime, iar Rusia e superioară militar Occidentului",1,1,0.6735075116157532
vrd_0095,veridica.ro,2022,PROPAGANDĂ DE RĂZBOI: În Ucraina a fost canonizat liderul naționalist Stepan Bandera,1,1,0.675609827041626
vrd_0344,veridica.ro,2024,Josep Borrell spune că Ucraina va pierde războiul în 3 luni,1,0,0.002154336078092456
vrd_0480,veridica.ro,2025,Zelenski riscă suspendarea pentru probleme mintale,1,0,0.0019626354333013296
vrd_0131,veridica.ro,2022,PROPAGANDĂ DE RĂZBOI: Guvernul de la Kiev și-a exprimat neîncrederea în partenerii din Occident,1,0,0.0017017547506839037
